name,price,itemsNumber,desc
blaba,100,10,good goods
blaba2,110,20,good goods
blaba3,120,30,good goods
blaba,100,10,good goods
blaba2,110,20,good goods
blaba3,120,30,good goods
blaba,100,10,good goods
blaba2,110,20,good goods
blaba3,120,30,good goods
blaba,100,10,good goods
blaba2,110,20,good goods
blaba3,120,30,good goods
blaba,100,10,good goods
blaba2,110,20,good goods
blaba3,120,30,good goods
blaba,100,10,good goods
blaba2,110,20,good goods
blaba3,120,30,good goods
blaba,100,10,good goods
blaba2,110,20,good goods
blaba3,120,30,good goods
blaba,100,10,good goods
blaba2,110,20,good goods
blaba3,120,30,good goods
blaba,100,10,good goods
blaba2,110,20,good goods
blaba3,120,30,good goods
blaba,100,10,good goods
blaba2,110,20,good goods
blaba3,120,30,good goods